file,mood
amusement_0487.jpg,amusement
amusement_0488.jpg,amusement
amusement_0489.jpg,amusement
amusement_0490.jpg,amusement
amusement_0491.jpg,amusement
amusement_0492.jpg,amusement
amusement_0493.jpg,amusement
amusement_0494.jpg,amusement
amusement_0495.jpg,amusement
amusement_0496.jpg,amusement
amusement_0497.jpg,amusement
amusement_0498.jpg,amusement
amusement_0499.jpg,amusement
amusement_0500.jpg,amusement
amusement_0501.jpg,amusement
amusement_0502.jpg,amusement
amusement_0503.jpg,amusement
amusement_0504.jpg,amusement
amusement_0505.jpg,amusement
amusement_0506.jpg,amusement
amusement_0507.jpg,amusement
amusement_0508.jpg,amusement
amusement_0509.jpg,amusement
amusement_0510.jpg,amusement
amusement_0511.jpg,amusement
amusement_0512.jpg,amusement
amusement_0513.jpg,amusement
amusement_0514.jpg,amusement
amusement_0515.jpg,amusement
amusement_0516.jpg,amusement
amusement_0517.jpg,amusement
amusement_0518.jpg,amusement
amusement_0519.jpg,amusement
amusement_0520.jpg,amusement
amusement_0521.jpg,amusement
amusement_0522.jpg,amusement
amusement_0523.jpg,amusement
amusement_0524.jpg,amusement
amusement_0525.jpg,amusement
amusement_0526.jpg,amusement
amusement_0527.jpg,amusement
amusement_0528.jpg,amusement
amusement_0529.jpg,amusement
amusement_0530.jpg,amusement
amusement_0531.jpg,amusement
amusement_0532.jpg,amusement
amusement_0533.jpg,amusement
amusement_0534.jpg,amusement
amusement_0535.jpg,amusement
amusement_0536.jpg,amusement
amusement_0537.jpg,amusement
amusement_0538.jpg,amusement
amusement_0539.jpg,amusement
amusement_0540.jpg,amusement
amusement_0541.jpg,amusement
amusement_0542.jpg,amusement
amusement_0543.jpg,amusement
amusement_0544.jpg,amusement
amusement_0545.jpg,amusement
amusement_0546.jpg,amusement
amusement_0547.jpg,amusement
amusement_0548.jpg,amusement
amusement_0715.jpg,amusement
amusement_0717.jpg,amusement
amusement_0718.jpg,amusement
amusement_0719.jpg,amusement
amusement_0720.jpg,amusement
amusement_0721.jpg,amusement
amusement_0722.jpg,amusement
amusement_0723.jpg,amusement
amusement_0724.jpg,amusement
amusement_0725.jpg,amusement
amusement_0726.jpg,amusement
amusement_0727.jpg,amusement
amusement_0728.jpg,amusement
amusement_0729.jpg,amusement
amusement_0730.jpg,amusement
amusement_0731.jpg,amusement
amusement_0732.jpg,amusement
amusement_0733.jpg,amusement
amusement_0735.jpg,amusement
amusement_0736.jpg,amusement
amusement_0737.jpg,amusement
amusement_0738.jpg,amusement
amusement_0739.jpg,amusement
amusement_0740.jpg,amusement
amusement_0741.jpg,amusement
amusement_0742.jpg,amusement
amusement_0743.jpg,amusement
amusement_0744.jpg,amusement
amusement_0745.jpg,amusement
amusement_0746.jpg,amusement
amusement_0747.jpg,amusement
amusement_0748.jpg,amusement
amusement_0749.jpg,amusement
amusement_0750.jpg,amusement
amusement_0752.jpg,amusement
amusement_0753.jpg,amusement
amusement_0754.jpg,amusement
amusement_0755.jpg,amusement
amusement_0756.jpg,amusement
anger_0001.jpg,anger
anger_0002.jpg,anger
anger_0003.jpg,anger
anger_0005.jpg,anger
anger_0006.jpg,anger
anger_0007.jpg,anger
anger_0008.jpg,anger
anger_0009.jpg,anger
anger_0011.jpg,anger
anger_0012.jpg,anger
anger_0016.jpg,anger
anger_0017.jpg,anger
anger_0018.jpg,anger
anger_0019.jpg,anger
anger_0020.jpg,anger
anger_0022.jpg,anger
anger_0023.jpg,anger
anger_0024.jpg,anger
anger_0025.jpg,anger
anger_0026.jpg,anger
anger_0027.jpg,anger
anger_0028.jpg,anger
anger_0029.jpg,anger
anger_0031.jpg,anger
anger_0249.jpg,anger
anger_0250.jpg,anger
anger_0251.jpg,anger
anger_0252.jpg,anger
anger_0253.jpg,anger
anger_0254.jpg,anger
anger_0255.jpg,anger
anger_0256.jpg,anger
anger_0257.jpg,anger
anger_0258.jpg,anger
anger_0259.jpg,anger
anger_0260.jpg,anger
anger_0261.jpg,anger
anger_0262.jpg,anger
anger_0263.jpg,anger
anger_0264.jpg,anger
anger_0265.jpg,anger
anger_0266.jpg,anger
anger_0267.jpg,anger
anger_0268.jpg,anger
anger_0269.jpg,anger
anger_0270.jpg,anger
anger_0271.jpg,anger
anger_0272.jpg,anger
anger_0273.jpg,anger
anger_0274.jpg,anger
anger_0275.jpg,anger
anger_0800.jpg,anger
anger_0801.jpg,anger
anger_0802.jpg,anger
anger_0803.jpg,anger
anger_0804.jpg,anger
anger_0806.jpg,anger
anger_0807.jpg,anger
anger_0808.jpg,anger
anger_0809.jpg,anger
anger_0810.jpg,anger
anger_0811.jpg,anger
anger_0812.jpg,anger
anger_0813.jpg,anger
anger_0814.jpg,anger
anger_0815.jpg,anger
anger_0816.jpg,anger
anger_0817.jpg,anger
anger_0818.jpg,anger
anger_0819.jpg,anger
anger_0820.jpg,anger
anger_0821.jpg,anger
anger_0822.jpg,anger
anger_0823.jpg,anger
anger_0824.jpg,anger
anger_0825.jpg,anger
anger_0826.jpg,anger
awe_0032.jpg,awe
awe_0033.jpg,awe
awe_0034.jpg,awe
awe_0036.jpg,awe
awe_0037.jpg,awe
awe_0038.jpg,awe
awe_0039.jpg,awe
awe_0041.jpg,awe
awe_0042.jpg,awe
awe_0043.jpg,awe
awe_0046.jpg,awe
awe_0049.jpg,awe
awe_0050.jpg,awe
awe_0051.jpg,awe
awe_0052.jpg,awe
awe_0053.jpg,awe
awe_0054.jpg,awe
awe_0055.jpg,awe
awe_0056.jpg,awe
awe_0057.jpg,awe
awe_0058.jpg,awe
awe_0059.jpg,awe
awe_0060.jpg,awe
awe_0061.jpg,awe
awe_0576.jpg,awe
awe_0577.jpg,awe
awe_0578.jpg,awe
awe_0579.jpg,awe
awe_0580.jpg,awe
awe_0581.jpg,awe
awe_0582.jpg,awe
awe_0583.jpg,awe
awe_0584.jpg,awe
awe_0585.jpg,awe
awe_0586.jpg,awe
awe_0587.jpg,awe
awe_0588.jpg,awe
awe_0589.jpg,awe
awe_0590.jpg,awe
awe_0591.jpg,awe
awe_0592.jpg,awe
awe_0593.jpg,awe
awe_0594.jpg,awe
awe_0595.jpg,awe
awe_0596.jpg,awe
awe_0597.jpg,awe
awe_0598.jpg,awe
awe_0599.jpg,awe
awe_0600.jpg,awe
awe_0601.jpg,awe
awe_0602.jpg,awe
awe_0603.jpg,awe
awe_0827.jpg,awe
awe_0828.jpg,awe
awe_0829.jpg,awe
awe_0830.jpg,awe
awe_0831.jpg,awe
awe_0832.jpg,awe
awe_0833.jpg,awe
awe_0834.jpg,awe
awe_0835.jpg,awe
awe_0836.jpg,awe
awe_0837.jpg,awe
awe_0838.jpg,awe
awe_0839.jpg,awe
awe_0840.jpg,awe
awe_0841.jpg,awe
awe_0842.jpg,awe
awe_0843.jpg,awe
awe_0844.jpg,awe
awe_0845.jpg,awe
awe_0846.jpg,awe
awe_0847.jpg,awe
awe_0848.jpg,awe
awe_0849.jpg,awe
awe_0850.jpg,awe
awe_0851.jpg,awe
awe_0852.jpg,awe
awe_0853.jpg,awe
awe_0854.jpg,awe
awe_0855.jpg,awe
awe_0856.jpg,awe
awe_0858.jpg,awe
awe_0859.jpg,awe
awe_0860.jpg,awe
awe_0861.jpg,awe
awe_0862.jpg,awe
awe_0863.jpg,awe
awe_0864.jpg,awe
awe_0865.jpg,awe
awe_0866.jpg,awe
awe_0867.jpg,awe
awe_0868.jpg,awe
awe_0870.jpg,awe
awe_0871.jpg,awe
awe_0872.jpg,awe
awe_0873.jpg,awe
awe_0874.jpg,awe
awe_0875.jpg,awe
awe_0876.jpg,awe
awe_0877.jpg,awe
awe_0878.jpg,awe
contentment_0062.jpg,contentment
contentment_0063.jpg,contentment
contentment_0064.jpg,contentment
contentment_0065.jpg,contentment
contentment_0066.jpg,contentment
contentment_0067.jpg,contentment
contentment_0068.jpg,contentment
contentment_0069.jpg,contentment
contentment_0070.jpg,contentment
contentment_0071.jpg,contentment
contentment_0072.jpg,contentment
contentment_0073.jpg,contentment
contentment_0074.jpg,contentment
contentment_0075.jpg,contentment
contentment_0076.jpg,contentment
contentment_0077.jpg,contentment
contentment_0078.jpg,contentment
contentment_0079.jpg,contentment
contentment_0080.jpg,contentment
contentment_0081.jpg,contentment
contentment_0082.jpg,contentment
contentment_0083.jpg,contentment
contentment_0084.jpg,contentment
contentment_0085.jpg,contentment
contentment_0086.jpg,contentment
contentment_0087.jpg,contentment
contentment_0088.jpg,contentment
contentment_0089.jpg,contentment
contentment_0090.jpg,contentment
contentment_0091.jpg,contentment
contentment_0092.jpg,contentment
contentment_0093.jpg,contentment
contentment_0094.jpg,contentment
contentment_0095.jpg,contentment
contentment_0096.jpg,contentment
contentment_0097.jpg,contentment
contentment_0098.jpg,contentment
contentment_0099.jpg,contentment
contentment_0100.jpg,contentment
contentment_0101.jpg,contentment
contentment_0102.jpg,contentment
contentment_0103.jpg,contentment
contentment_0104.jpg,contentment
contentment_0105.jpg,contentment
contentment_0106.jpg,contentment
contentment_0107.jpg,contentment
contentment_0108.jpg,contentment
contentment_0109.jpg,contentment
contentment_0110.jpg,contentment
contentment_0111.jpg,contentment
contentment_0112.jpg,contentment
contentment_0113.jpg,contentment
contentment_0114.jpg,contentment
contentment_0115.jpg,contentment
contentment_0116.jpg,contentment
contentment_0117.jpg,contentment
contentment_0118.jpg,contentment
contentment_0119.jpg,contentment
contentment_0120.jpg,contentment
contentment_0121.jpg,contentment
contentment_0122.jpg,contentment
contentment_0123.jpg,contentment
contentment_0124.jpg,contentment
contentment_0125.jpg,contentment
contentment_0126.jpg,contentment
contentment_0127.jpg,contentment
contentment_0128.jpg,contentment
contentment_0129.jpg,contentment
contentment_0130.jpg,contentment
contentment_0131.jpg,contentment
disgust_0757.jpg,disgust
disgust_0758.jpg,disgust
disgust_0759.jpg,disgust
disgust_0760.jpg,disgust
disgust_0761.jpg,disgust
disgust_0763.jpg,disgust
disgust_0764.jpg,disgust
disgust_0765.jpg,disgust
disgust_0766.jpg,disgust
disgust_0767.jpg,disgust
disgust_0768.jpg,disgust
disgust_0769.jpg,disgust
disgust_0770.jpg,disgust
disgust_0771.jpg,disgust
disgust_0772.jpg,disgust
disgust_0773.jpg,disgust
disgust_0774.jpg,disgust
disgust_0775.jpg,disgust
disgust_0776.jpg,disgust
disgust_0777.jpg,disgust
disgust_0778.jpg,disgust
disgust_0779.jpg,disgust
disgust_0780.jpg,disgust
disgust_0782.jpg,disgust
disgust_0783.jpg,disgust
disgust_0784.jpg,disgust
disgust_0785.jpg,disgust
disgust_0786.jpg,disgust
disgust_0787.jpg,disgust
disgust_0790.jpg,disgust
disgust_0791.jpg,disgust
disgust_0792.jpg,disgust
disgust_0793.jpg,disgust
disgust_0794.jpg,disgust
disgust_0795.jpg,disgust
disgust_0796.jpg,disgust
disgust_0797.jpg,disgust
disgust_0798.jpg,disgust
disgust_0799.jpg,disgust
disgust_0800.jpg,disgust
disgust_0801.jpg,disgust
disgust_0802.jpg,disgust
disgust_0803.jpg,disgust
disgust_0804.jpg,disgust
disgust_0805.jpg,disgust
disgust_0806.jpg,disgust
disgust_0807.jpg,disgust
disgust_0809.jpg,disgust
disgust_0879.jpg,disgust
disgust_0880.jpg,disgust
disgust_0882.jpg,disgust
disgust_0883.jpg,disgust
disgust_0884.jpg,disgust
disgust_0885.jpg,disgust
disgust_0886.jpg,disgust
disgust_0887.jpg,disgust
disgust_0888.jpg,disgust
disgust_0889.jpg,disgust
disgust_0890.jpg,disgust
disgust_0891.jpg,disgust
disgust_0892.jpg,disgust
disgust_0893.jpg,disgust
disgust_0894.jpg,disgust
disgust_0895.jpg,disgust
disgust_0896.jpg,disgust
disgust_0897.jpg,disgust
disgust_0898.jpg,disgust
disgust_0899.jpg,disgust
disgust_0900.jpg,disgust
disgust_0901.jpg,disgust
excitement_0161.jpg,excitement
excitement_0164.jpg,excitement
excitement_0165.jpg,excitement
excitement_0166.jpg,excitement
excitement_0167.jpg,excitement
excitement_0169.jpg,excitement
excitement_0170.jpg,excitement
excitement_0172.jpg,excitement
excitement_0173.jpg,excitement
excitement_0174.jpg,excitement
excitement_0175.jpg,excitement
excitement_0176.jpg,excitement
excitement_0177.jpg,excitement
excitement_0178.jpg,excitement
excitement_0179.jpg,excitement
excitement_0180.jpg,excitement
excitement_0181.jpg,excitement
excitement_0182.jpg,excitement
excitement_0183.jpg,excitement
excitement_0184.jpg,excitement
excitement_0185.jpg,excitement
excitement_0186.jpg,excitement
excitement_0187.jpg,excitement
excitement_0188.jpg,excitement
excitement_0189.jpg,excitement
excitement_0190.jpg,excitement
excitement_0191.jpg,excitement
excitement_0192.jpg,excitement
excitement_0193.jpg,excitement
excitement_0194.jpg,excitement
excitement_0195.jpg,excitement
excitement_0196.jpg,excitement
excitement_0197.jpg,excitement
excitement_0198.jpg,excitement
excitement_0199.jpg,excitement
excitement_0200.jpg,excitement
excitement_0201.jpg,excitement
excitement_0202.jpg,excitement
excitement_0203.jpg,excitement
excitement_0204.jpg,excitement
excitement_0205.jpg,excitement
excitement_0206.jpg,excitement
excitement_0207.jpg,excitement
excitement_0208.jpg,excitement
excitement_0209.jpg,excitement
excitement_0210.jpg,excitement
excitement_0211.jpg,excitement
excitement_0212.jpg,excitement
excitement_0213.jpg,excitement
excitement_0214.jpg,excitement
excitement_0215.jpg,excitement
excitement_0216.jpg,excitement
excitement_0217.jpg,excitement
excitement_0218.jpg,excitement
excitement_0219.jpg,excitement
excitement_0220.jpg,excitement
excitement_0221.jpg,excitement
excitement_0222.jpg,excitement
excitement_0223.jpg,excitement
excitement_0224.jpg,excitement
excitement_0225.jpg,excitement
excitement_0226.jpg,excitement
excitement_0227.jpg,excitement
excitement_0228.jpg,excitement
excitement_0229.jpg,excitement
excitement_0230.jpg,excitement
excitement_0231.jpg,excitement
excitement_0232.jpg,excitement
excitement_0233.jpg,excitement
excitement_0234.jpg,excitement
excitement_0235.jpg,excitement
excitement_0236.jpg,excitement
excitement_0237.jpg,excitement
excitement_0238.jpg,excitement
excitement_0239.jpg,excitement
excitement_0240.jpg,excitement
excitement_0241.jpg,excitement
excitement_0242.jpg,excitement
excitement_0243.jpg,excitement
excitement_0244.jpg,excitement
excitement_0245.jpg,excitement
excitement_0246.jpg,excitement
excitement_0247.jpg,excitement
excitement_0248.jpg,excitement
excitement_0249.jpg,excitement
excitement_0250.jpg,excitement
excitement_0251.jpg,excitement
excitement_0252.jpg,excitement
excitement_0253.jpg,excitement
excitement_0254.jpg,excitement
excitement_0255.jpg,excitement
excitement_0256.jpg,excitement
excitement_0257.jpg,excitement
excitement_0258.jpg,excitement
excitement_0259.jpg,excitement
excitement_0260.jpg,excitement
excitement_0261.jpg,excitement
excitement_0262.jpg,excitement
excitement_0263.jpg,excitement
excitement_0264.jpg,excitement
excitement_0265.jpg,excitement
excitement_0266.jpg,excitement
excitement_0267.jpg,excitement
excitement_0268.jpg,excitement
excitement_0269.jpg,excitement
fear_0667.jpg,fear
fear_0668.jpg,fear
fear_0670.jpg,fear
fear_0672.jpg,fear
fear_0673.jpg,fear
fear_0674.jpg,fear
fear_0676.jpg,fear
fear_0677.jpg,fear
fear_0678.jpg,fear
fear_0679.jpg,fear
fear_0680.jpg,fear
fear_0681.jpg,fear
fear_0682.jpg,fear
fear_0683.jpg,fear
fear_0684.jpg,fear
fear_0685.jpg,fear
fear_0686.jpg,fear
fear_0687.jpg,fear
fear_0688.jpg,fear
fear_0690.jpg,fear
fear_0691.jpg,fear
fear_0692.jpg,fear
fear_0693.jpg,fear
fear_0694.jpg,fear
fear_0695.jpg,fear
fear_0696.jpg,fear
fear_0697.jpg,fear
fear_0698.jpg,fear
fear_0699.jpg,fear
fear_0700.jpg,fear
fear_0701.jpg,fear
fear_0702.jpg,fear
fear_0703.jpg,fear
fear_0704.jpg,fear
fear_0705.jpg,fear
fear_0706.jpg,fear
fear_0707.jpg,fear
fear_0708.jpg,fear
fear_0709.jpg,fear
fear_0710.jpg,fear
fear_0711.jpg,fear
fear_0712.jpg,fear
fear_0713.jpg,fear
fear_0714.jpg,fear
fear_0903.jpg,fear
fear_0904.jpg,fear
fear_0905.jpg,fear
fear_0906.jpg,fear
fear_0907.jpg,fear
fear_0908.jpg,fear
fear_0909.jpg,fear
fear_0910.jpg,fear
fear_0911.jpg,fear
fear_0912.jpg,fear
fear_0913.jpg,fear
fear_0914.jpg,fear
fear_0916.jpg,fear
fear_0917.jpg,fear
fear_0918.jpg,fear
fear_0919.jpg,fear
fear_0920.jpg,fear
fear_0921.jpg,fear
fear_0922.jpg,fear
fear_0923.jpg,fear
fear_0924.jpg,fear
fear_0925.jpg,fear
fear_0926.jpg,fear
fear_0927.jpg,fear
fear_0928.jpg,fear
fear_0929.jpg,fear
fear_0930.jpg,fear
fear_0931.jpg,fear
fear_0932.jpg,fear
fear_0933.jpg,fear
fear_0934.jpg,fear
fear_0935.jpg,fear
fear_0936.jpg,fear
fear_0937.jpg,fear
fear_0938.jpg,fear
fear_0939.jpg,fear
fear_0940.jpg,fear
fear_0941.jpg,fear
fear_0942.jpg,fear
fear_0943.jpg,fear
fear_0944.jpg,fear
fear_0945.jpg,fear
fear_0946.jpg,fear
fear_0947.jpg,fear
fear_0948.jpg,fear
fear_0949.jpg,fear
fear_0950.jpg,fear
fear_0951.jpg,fear
fear_0952.jpg,fear
fear_0953.jpg,fear
fear_0954.jpg,fear
fear_0955.jpg,fear
fear_0956.jpg,fear
fear_0957.jpg,fear
fear_0958.jpg,fear
fear_0959.jpg,fear
fear_0960.jpg,fear
fear_0961.jpg,fear
fear_0962.jpg,fear
fear_0963.jpg,fear
fear_0964.jpg,fear
fear_0965.jpg,fear
fear_0966.jpg,fear
fear_0967.jpg,fear
fear_0968.jpg,fear
fear_0969.jpg,fear
fear_0970.jpg,fear
fear_0971.jpg,fear
fear_0972.jpg,fear
fear_0973.jpg,fear
fear_0974.jpg,fear
sad_0288.jpg,sad
sad_0289.jpg,sad
sad_0290.jpg,sad
sad_0291.jpg,sad
sad_0293.jpg,sad
sad_0294.jpg,sad
sad_0296.jpg,sad
sad_0297.jpg,sad
sad_0298.jpg,sad
sad_0299.jpg,sad
sad_0300.jpg,sad
sad_0301.jpg,sad
sad_0302.jpg,sad
sad_0303.jpg,sad
sad_0304.jpg,sad
sad_0305.jpg,sad
sad_0306.jpg,sad
sad_0307.jpg,sad
sad_0308.jpg,sad
sad_0309.jpg,sad
sad_0311.jpg,sad
sad_0312.jpg,sad
sad_0313.jpg,sad
sad_0314.jpg,sad
sad_0315.jpg,sad
sad_0316.jpg,sad
sad_0317.jpg,sad
sad_0318.jpg,sad
sad_0322.jpg,sad
sad_0323.jpg,sad
sad_0324.jpg,sad
sad_0325.jpg,sad
sad_0326.jpg,sad
sad_0327.jpg,sad
sad_0328.jpg,sad
sad_0330.jpg,sad
sad_0331.jpg,sad
sad_0333.jpg,sad
sad_0334.jpg,sad
sad_0335.jpg,sad
sad_0337.jpg,sad
sad_0338.jpg,sad
sad_0339.jpg,sad
sad_0340.jpg,sad
sad_0341.jpg,sad
sad_0342.jpg,sad
sad_0343.jpg,sad
sad_0345.jpg,sad
sad_0347.jpg,sad
sad_0348.jpg,sad
sad_0350.jpg,sad
sad_0351.jpg,sad
sad_0355.jpg,sad
sad_0356.jpg,sad
sad_0357.jpg,sad
sad_0358.jpg,sad
sad_0359.jpg,sad
sad_0361.jpg,sad
sad_0363.jpg,sad
sad_0364.jpg,sad
sad_0366.jpg,sad
sad_0367.jpg,sad
sad_0368.jpg,sad
sad_0370.jpg,sad
sad_0371.jpg,sad
sad_0373.jpg,sad
sad_0379.jpg,sad
sad_0380.jpg,sad
sad_0381.jpg,sad
sad_0382.jpg,sad
sad_0384.jpg,sad
sad_0385.jpg,sad
sad_0387.jpg,sad
sad_0388.jpg,sad
sad_0390.jpg,sad
sad_0391.jpg,sad
sad_0396.jpg,sad
sad_0397.jpg,sad
sad_0398.jpg,sad
sad_0401.jpg,sad
sad_0402.jpg,sad
sad_0409.jpg,sad
sad_0410.jpg,sad
sad_0411.jpg,sad
sad_0414.jpg,sad
sad_0415.jpg,sad
sad_0417.jpg,sad
sad_0418.jpg,sad
sad_0419.jpg,sad
sad_0420.jpg,sad
sad_0421.jpg,sad
sad_0422.jpg,sad
sad_0424.jpg,sad
sad_0427.jpg,sad
sad_0430.jpg,sad
sad_0432.jpg,sad
sad_0433.jpg,sad
sad_0434.jpg,sad
sad_0435.jpg,sad
sad_0436.jpg,sad
sad_0438.jpg,sad
sad_0441.jpg,sad
sad_0443.jpg,sad
sad_0444.jpg,sad
sad_0445.jpg,sad
sad_0446.jpg,sad
sad_0447.jpg,sad
sad_0448.jpg,sad
sad_0449.jpg,sad
sad_0450.jpg,sad
sad_0451.jpg,sad
sad_0452.jpg,sad
sad_0453.jpg,sad
sad_0454.jpg,sad
sad_0455.jpg,sad
sad_0456.jpg,sad
sad_0457.jpg,sad
sad_0458.jpg,sad
sad_0459.jpg,sad
sad_0460.jpg,sad
sad_0461.jpg,sad
sad_0462.jpg,sad
sad_0463.jpg,sad
sad_0464.jpg,sad
sad_0465.jpg,sad
sad_0610.jpg,sad
sad_0611.jpg,sad
sad_0612.jpg,sad
sad_0613.jpg,sad
sad_0614.jpg,sad
sad_0615.jpg,sad
sad_0616.jpg,sad
sad_0617.jpg,sad
sad_0618.jpg,sad
sad_0619.jpg,sad
sad_0620.jpg,sad
sad_0621.jpg,sad
sad_0622.jpg,sad
sad_0623.jpg,sad
sad_0624.jpg,sad
sad_0625.jpg,sad
sad_0626.jpg,sad
sad_0627.jpg,sad
sad_0628.jpg,sad
sad_0629.jpg,sad
sad_0630.jpg,sad
sad_0631.jpg,sad
sad_0632.jpg,sad
sad_0633.jpg,sad
sad_0634.jpg,sad
sad_0635.jpg,sad
sad_0636.jpg,sad
sad_0637.jpg,sad
sad_0638.jpg,sad
sad_0639.jpg,sad
sad_0640.jpg,sad
sad_0641.jpg,sad
sad_0642.jpg,sad
sad_0643.jpg,sad
sad_0644.jpg,sad
sad_0645.jpg,sad
sad_0646.jpg,sad
sad_0647.jpg,sad
sad_0648.jpg,sad
sad_0649.jpg,sad
sad_0650.jpg,sad
